source,country,club_slug,method,dest_logo,dest_badge,size,sha256,converted_svg_to_png
ESP_GIR.png,spain,girona,ESP_GIR,assets/clubs/spain/girona/logo.png,assets/clubs/spain/girona/badge.png,38258,71050f66a592ad75ba719b53c2328d5dcb868d9882ee217633c2ae779049c8dd,False
ESP_VIL.png,spain,villarreal,ESP_VIL,assets/clubs/spain/villarreal/logo.png,assets/clubs/spain/villarreal/badge.png,37798,42507279c092618adaa8300e57652cdc1edf10cd4d8997bb0c1445ff98d79822,False
ENG_ARS.png,england,arsenal,ENG_ARS,assets/clubs/england/arsenal/logo.png,assets/clubs/england/arsenal/badge.png,34618,e78ffd37b2224716c75c3498d67e566c4e216e7c38a7da174c7def17167dbe17,False
ARG_BEL.png,argentina,belgrano,ARG_BEL,assets/clubs/argentina/belgrano/logo.png,assets/clubs/argentina/belgrano/badge.png,38421,6520ca477c7d276c38a200a67e70c277e1a3711184a212f15b474dbbdd3eee14,False
ESP_BET.png,spain,real-betis,ESP_BET,assets/clubs/spain/real-betis/logo.png,assets/clubs/spain/real-betis/badge.png,21701,dba4a91d902156b02b25889eaab5e324f41552c91168ed28abf1ad86a8ab1360,False
ESP_OVI.png,spain,real-oviedo,ESP_OVI,assets/clubs/spain/real-oviedo/logo.png,assets/clubs/spain/real-oviedo/badge.png,15876,ad9eb8b4953942d1050095bdd4780f4a0ec40c3e271e89b95b487a3d308b9253,False
germany_wolfsburg_512x512.football-logos.cc.png,germany,wolfsburg,football-logos.cc filename,assets/clubs/germany/wolfsburg/logo.png,assets/clubs/germany/wolfsburg/badge.png,19873,1a36303c291f6333165268f6737bd0716d57adcd9fc531b50424db98beb7b078,False
FOR.png,brazil,fortaleza,BRA_FOR,assets/clubs/brazil/fortaleza/logo.png,assets/clubs/brazil/fortaleza/badge.png,48922,69e99caa74f9f798c2c62d1ad6720e32ab379f8f9cc19d7ccc2a5fe47a432516,False
GER_STU.png,germany,stuttgart,GER_STU,assets/clubs/germany/stuttgart/logo.png,assets/clubs/germany/stuttgart/badge.png,42608,2400f47fa1d0c8386bfbde090e1f3c8da2609354792f7062747b0718bce0afb0,False
ECU_EME.png,ecuador,emelec,ECU_EME,assets/clubs/ecuador/emelec/logo.png,assets/clubs/ecuador/emelec/badge.png,29810,4958769497bbde0d7a71739d3edea66c68947f4f2a774588bdb7bb5473a75e25,False
ECU_IDV.png,ecuador,independiente-del-valle,ECU_IDV,assets/clubs/ecuador/independiente-del-valle/logo.png,assets/clubs/ecuador/independiente-del-valle/badge.png,39572,13eb88d1aed384a7ed7fda88927fdeb1fb8a028b736a01d2b4c2065cb540194d,False
CRU.png,brazil,cruzeiro,BRA_CRU,assets/clubs/brazil/cruzeiro/logo.png,assets/clubs/brazil/cruzeiro/badge.png,365628,bd05cf63ced269eaa4a9500e774cbc480b5263abb13521ee829033ad6feeee13,False
ESP_VAL.png,spain,valencia,ESP_VAL,assets/clubs/spain/valencia/logo.png,assets/clubs/spain/valencia/badge.png,23475,4bfee488e79ef790c83ca02d451444974849799a0416b0edbded7e4b2ceb8acc,False
goias.svg,brazil,goias,named-file,assets/clubs/brazil/goias/logo.png,assets/clubs/brazil/goias/badge.png,682,6b5736da6c2109474650a459fb45e6c7ab6a63158c9a95c9b12aa556cb536bc3,True
SPT.png,brazil,sport,BRA_SPT,assets/clubs/brazil/sport/logo.png,assets/clubs/brazil/sport/badge.png,98629,0a353515841dcfd2708bec4e02b5f6d2c77a9f23244b512ac2083a948e02020b,False
ITA_MIL.png,italy,ac-milan,ITA_MIL,assets/clubs/italy/ac-milan/logo.png,assets/clubs/italy/ac-milan/badge.png,27785,08a48986c4c95f33fdca544d300ff0d36791b7289b562395d1139ac508e96277,False
COL_FOR.png,colombia,fortaleza-ceif,COL_FOR,assets/clubs/colombia/fortaleza-ceif/logo.png,assets/clubs/colombia/fortaleza-ceif/badge.png,31046,0dee72f8283e0199b6775f914a5cbd0655d5ca63691601def7eb31d29ded5235,False
NOV.png,brazil,novorizontino,BRA_NOV,assets/clubs/brazil/novorizontino/logo.png,assets/clubs/brazil/novorizontino/badge.png,343758,7ca438c80ed01ed356855c733190c784a5782280cf7c0c0f7356c1d4f3fdd22d,False
AMZ.png,brazil,amazonas,BRA_AMZ,assets/clubs/brazil/amazonas/logo.png,assets/clubs/brazil/amazonas/badge.png,11843,fc23125da92fc541bcaf42e1e34c16a278440a32bfba3c78af3425d6739e26de,False
URU_PEN.png,uruguay,penarol,URU_PEN,assets/clubs/uruguay/penarol/logo.png,assets/clubs/uruguay/penarol/badge.png,14072,33d751df6dcac47d35bced52e19947c526443417306114d061f72b7bd6e59a9a,False
AVA.png,brazil,avai,BRA_AVA,assets/clubs/brazil/avai/logo.png,assets/clubs/brazil/avai/badge.png,76080,95f36cd5c06227d799caa9e0093cabefc8e9f0cfd1dfcf7cbb0e9d9df7c283a8,False
SAO.png,brazil,sao-paulo,BRA_SAO,assets/clubs/brazil/sao-paulo/logo.png,assets/clubs/brazil/sao-paulo/badge.png,34180,0eadb94af923386cbd1950c5ca225b2784c7e47c85260e2c7938abe9640e1228,False
VIT.png,brazil,vitoria,BRA_VIT,assets/clubs/brazil/vitoria/logo.png,assets/clubs/brazil/vitoria/badge.png,88180,f851e01e10aaa846e19ab2cfca29e3c37b274e4e4eadb2c331354d3a3c71cf66,False
ARG_RIV.png,argentina,river-plate,ARG_RIV,assets/clubs/argentina/river-plate/logo.png,assets/clubs/argentina/river-plate/badge.png,22267,838af6ec78d24d2941dbd26cc747035b9a3898755c49b3d023df06f630c2172c,False
PAY.png,brazil,paysandu,BRA_PAY,assets/clubs/brazil/paysandu/logo.png,assets/clubs/brazil/paysandu/badge.png,12199,3b229993b73daddf63219bbda8cf7fdc5324294c8ed382a87e835ce984395eeb,False
ENG_MCI.png,england,manchester-city,ENG_MCI,assets/clubs/england/manchester-city/logo.png,assets/clubs/england/manchester-city/badge.png,46992,3c7bdf748cf0fe82671c82e1f28d370cf47dae500a669857c9ad534171390696,False
ATC.png,brazil,atletico-mg,BRA_ATC,assets/clubs/brazil/atletico-mg/logo.png,assets/clubs/brazil/atletico-mg/badge.png,77517,a42a30b958664dc68745a1c7ff7149a817f0f6d1f6a56719b0a637cef4944ea1,False
COR.png,brazil,corinthians,BRA_COR,assets/clubs/brazil/corinthians/logo.png,assets/clubs/brazil/corinthians/badge.png,135815,f1dee7e21b47953387b1ed3ea937010988fe54ce09c7a466bafd9f60c06e78b6,False
ESP_RAY.png,spain,rayo-vallecano,ESP_RAY,assets/clubs/spain/rayo-vallecano/logo.png,assets/clubs/spain/rayo-vallecano/badge.png,29286,c39e5af14d8f4289b3608a3ffaa5b2f045649cf2e23af564628dbc5ab36c3fd8,False
COL_ONC.png,colombia,once-caldas,COL_ONC,assets/clubs/colombia/once-caldas/logo.png,assets/clubs/colombia/once-caldas/badge.png,14771,e77717d821a877b850640542306d074b8ec97d3f1b517f6109127e40678378f0,False
CHI_CAL.png,chile,union-la-calera,CHI_CAL,assets/clubs/chile/union-la-calera/logo.png,assets/clubs/chile/union-la-calera/badge.png,26866,f9294ae306b79ab85df860beafabdc36d72325318ccffa4c4178453e1fb31920,False
ESP_ATM.png,spain,atletico-madrid,ESP_ATM,assets/clubs/spain/atletico-madrid/logo.png,assets/clubs/spain/atletico-madrid/badge.png,14764,2f77497139aaa11a60fdde30b74c7aa69e56f3d01d23da0c7e0ade5d5b919af2,False
italy_como-1907_512x512.football-logos.cc.png,italy,como,football-logos.cc filename,assets/clubs/italy/como/logo.png,assets/clubs/italy/como/badge.png,17433,d3cf4dab2af37d3a22a1b0ec7ef704795d48eadca827d1802edb576cf0652512,False
REM.png,brazil,remo,BRA_REM,assets/clubs/brazil/remo/logo.png,assets/clubs/brazil/remo/badge.png,60724,6bc19b83fbf533905a8f715a73ead35c244a84d52573f3bd1d6b5f9fcf263ffc,False
italy_genoa_512x512.football-logos.cc.png,italy,genoa,football-logos.cc filename,assets/clubs/italy/genoa/logo.png,assets/clubs/italy/genoa/badge.png,14215,292e675541c63f22e5e31a88cfca5497c9f5a9892fc56e33c7fca510926e1ca3,False
ITA_ROM.png,italy,roma,ITA_ROM,assets/clubs/italy/roma/logo.png,assets/clubs/italy/roma/badge.png,56831,2726a250ea61f327931bd9658abbb73c2e1228cf2f787e705d8da64ad967a9e1,False
ENG_FUL.png,england,fulham,ENG_FUL,assets/clubs/england/fulham/logo.png,assets/clubs/england/fulham/badge.png,18522,fd9d843e8a48695bdaa2e96bb2098175dbdc3b59bb9696369af1d1e93e5ac21d,False
ITA_NAP.png,italy,napoli,ITA_NAP,assets/clubs/italy/napoli/logo.png,assets/clubs/italy/napoli/badge.png,26325,778b48d68ce3b1a3c32b1e24b2004668620a28f214f3ff6bc753e73748719a60,False
ESP_CEL.png,spain,celta-vigo,ESP_CEL,assets/clubs/spain/celta-vigo/logo.png,assets/clubs/spain/celta-vigo/badge.png,15424,8b0afaba98e05ccc9f43f2cbd2aef9c98e49f7d0aa1618caa94e30efabe70577,False
ITA_LAZ.png,italy,lazio,ITA_LAZ,assets/clubs/italy/lazio/logo.png,assets/clubs/italy/lazio/badge.png,16745,70513224c896cc498baf733615b89e8973a1670105931eb90562e9cbfee02e74,False
ENG_TOT.png,england,tottenham-hotspur,ENG_TOT,assets/clubs/england/tottenham-hotspur/logo.png,assets/clubs/england/tottenham-hotspur/badge.png,19434,a489d9a7c25277d24b04baae713ed78b30e7edb598a09456ad5ad02d51eb3489,False
ARG_LAN.png,argentina,lanus,ARG_LAN,assets/clubs/argentina/lanus/logo.png,assets/clubs/argentina/lanus/badge.png,22887,91bf55feb6f2f43e0f1958efd3737b0057e7fc8cec6b7484ed1fcc528913eb8b,False
CAP.png,brazil,athletico-pr,BRA_CAP,assets/clubs/brazil/athletico-pr/logo.png,assets/clubs/brazil/athletico-pr/badge.png,231334,ca524e7d87dc48711c9882f26f74ae26dd1b86cde18d282d0c1fbd329025a7e8,False
ARG_DEF.png,argentina,defensa-y-justicia,ARG_DEF,assets/clubs/argentina/defensa-y-justicia/logo.png,assets/clubs/argentina/defensa-y-justicia/badge.png,22877,5cf935feca0da8d646c82c521e052306e86ad20b63d473d2df359f16f3c4c3c5,False
COL_EQU.png,colombia,la-equidad,COL_EQU,assets/clubs/colombia/la-equidad/logo.png,assets/clubs/colombia/la-equidad/badge.png,34393,a0a8abe2f669b7f7cc7cfc42deb24f9da896191c40573c9d4b21b29559f7e239,False
ENG_WOL.png,england,wolverhampton,ENG_WOL,assets/clubs/england/wolverhampton/logo.png,assets/clubs/england/wolverhampton/badge.png,19215,d7d716cd5c762000666e2a8705ea79e43e87c0ad40caee14c4f767aee98280bb,False
santos.png,brazil,santos,named-file,assets/clubs/brazil/santos/logo.png,assets/clubs/brazil/santos/badge.png,88290,f97e4565f79da3b69efe824332e17199229b77ca8be9eaeee0d4436fbe7267e8,False
PAL.png,brazil,palmeiras,BRA_PAL,assets/clubs/brazil/palmeiras/logo.png,assets/clubs/brazil/palmeiras/badge.png,105970,f1d60fe492d43206d11227bea8da40e8817416173dc2c2465640844a64611937,False
ECU_ORE.png,ecuador,orense,ECU_ORE,assets/clubs/ecuador/orense/logo.png,assets/clubs/ecuador/orense/badge.png,64158,6b1d3f6af2a95dfa74713ed69c7f146541b436e16484711c96fc9f359e498366,False
FRA_MON.png,france,monaco,FRA_MON,assets/clubs/france/monaco/logo.png,assets/clubs/france/monaco/badge.png,23960,3ed3953a6e88b3c8ac396f60c42255c3f455093bc602be39339af63eda162e64,False
france_rc-strasbourg-alsace_512x512.football-logos.cc.png,france,strasbourg,football-logos.cc filename,assets/clubs/france/strasbourg/logo.png,assets/clubs/france/strasbourg/badge.png,40068,89e1a56def1bb3f4e4ba58b4d87d655d6758843b5756419637648e23147b1c49,False
ESP_ALA.png,spain,alaves,ESP_ALA,assets/clubs/spain/alaves/logo.png,assets/clubs/spain/alaves/badge.png,40697,3541e001d84066bc4a8e655b9021b05e394f04035995b6251297489e8b28b3f3,False
ARG_IND.png,argentina,independiente,ARG_IND,assets/clubs/argentina/independiente/logo.png,assets/clubs/argentina/independiente/badge.png,23319,3b1cb042df70c29d7657b0468d49b704ccb12e1fe859b06e27f228a9c60e938f,False
FLA.png,brazil,flamengo,BRA_FLA,assets/clubs/brazil/flamengo/logo.png,assets/clubs/brazil/flamengo/badge.png,29983,2a040077ab11eab135ac25c9bd982cbefc3bcff13fd56a1f950a3f643a750d8d,False
ESP_OSA.png,spain,osasuna,ESP_OSA,assets/clubs/spain/osasuna/logo.png,assets/clubs/spain/osasuna/badge.png,24221,d059d62e0cb1f0b173ea71e098bc2a76a86b47a405c2bbd151694fac42e86420,False
MIR.png,brazil,mirassol,BRA_MIR,assets/clubs/brazil/mirassol/logo.png,assets/clubs/brazil/mirassol/badge.png,471970,2d4a7ec880d515fd25d13263f9ea263bf7236ba840176114225b349d0e15a932,False
england_watford_512x512.football-logos.cc.png,england,watford,football-logos.cc filename,assets/clubs/england/watford/logo.png,assets/clubs/england/watford/badge.png,21666,69a5420935dbe5a73d42b97f4fd2370ade87602f0a15d6c018bb625e06bd624d,False
londrina.svg,brazil,londrina,named-file,assets/clubs/brazil/londrina/logo.png,assets/clubs/brazil/londrina/badge.png,682,1c118f9820054afc4bf2f424b7f7530ddc5b0e075c582710aa543110950a4d5b,True
COL_SFE.png,colombia,independiente-santa-fe,COL_SFE,assets/clubs/colombia/independiente-santa-fe/logo.png,assets/clubs/colombia/independiente-santa-fe/badge.png,13646,7d5e9968f63e7471b5069bac80b8d25f1dacad6aeda9df8a63f5f04859887c53,False
URU_RAC.png,uruguay,racing-montevideo,URU_RAC,assets/clubs/uruguay/racing-montevideo/logo.png,assets/clubs/uruguay/racing-montevideo/badge.png,16640,0986bebe1201ce9efbb17be69df288fe8f104d771bde6aa60401b7dda5c96677,False
france_paris-saint-germain_512x512.football-logos.cc.png,france,psg,football-logos.cc filename,assets/clubs/france/psg/logo.png,assets/clubs/france/psg/badge.png,35247,9cb8f48f6ba016842bd651579171f3ab98e63b2f920354ebdc978343fe3cb078,False
ENG_CHE.png,england,chelsea,ENG_CHE,assets/clubs/england/chelsea/logo.png,assets/clubs/england/chelsea/badge.png,49520,debc15f391979f08e760b38f6b88639bf5239c476fe6cf1a9cacd46685511917,False
FRA_LYO.png,france,lyon,FRA_LYO,assets/clubs/france/lyon/logo.png,assets/clubs/france/lyon/badge.png,22579,ce99c13bd7fe4dcb66e023b61031c8b109edcfc1b2a91b9e0de03a64a058d02c,False
ENG_BUR.png,england,burnley,ENG_BUR,assets/clubs/england/burnley/logo.png,assets/clubs/england/burnley/badge.png,31999,789782d84d60ff9a0a52cabc0a39e1d4828da11b15d35b4ec3d5dd24e64dc171,False
CHI_UNI.png,chile,union-espanola,CHI_UNI,assets/clubs/chile/union-espanola/logo.png,assets/clubs/chile/union-espanola/badge.png,35320,d9995342cea270c322f9d3c44b8c9317119d63d92acdd274430a2b20ddbbd789,False
GER_HOF.png,germany,hoffenheim,GER_HOF,assets/clubs/germany/hoffenheim/logo.png,assets/clubs/germany/hoffenheim/badge.png,25682,094eb13010b48479e1fbe809655e3a2f8619a52394aa66cbc3ddcd39f369ed6f,False
ECU_TEC.png,ecuador,tecnico-universitario,ECU_TEC,assets/clubs/ecuador/tecnico-universitario/logo.png,assets/clubs/ecuador/tecnico-universitario/badge.png,36418,aedbd75856b2d5cc42fe987643b13adfbc5a8493a59e1933b6529a09ec6f93cf,False
VAS.png,brazil,vasco,BRA_VAS,assets/clubs/brazil/vasco/logo.png,assets/clubs/brazil/vasco/badge.png,58075,de510d28b51134c0f88ae25b60d657ca349374a409e2b887223acbe6f953ae6c,False
OPE.png,brazil,operario-pr,BRA_OPE,assets/clubs/brazil/operario-pr/logo.png,assets/clubs/brazil/operario-pr/badge.png,77859,35ef7e877eec52a3a42f5435636503206ac9eacd07876daad0b7ee42209d3164,False
COL_PER.png,colombia,deportivo-pereira,COL_PER,assets/clubs/colombia/deportivo-pereira/logo.png,assets/clubs/colombia/deportivo-pereira/badge.png,13855,b7d4778c9394d2213b37c4feb317d9acc2ba3a771e35b77c3b073e13fca609be,False
FRA_MTP.png,france,montpellier,FRA_MTP,assets/clubs/france/montpellier/logo.png,assets/clubs/france/montpellier/badge.png,42050,8dc8620eb67e7c10b99371f2f4a9213c7beda947dc302d4fd3d05a16c06a1179,False
JUV.png,brazil,juventude,BRA_JUV,assets/clubs/brazil/juventude/logo.png,assets/clubs/brazil/juventude/badge.png,61959,c5f4c1f793549b324a8d0bc321c84087b41871ea924e6db78cc2166003785dd4,False
FRA_NIC.png,france,nice,FRA_NIC,assets/clubs/france/nice/logo.png,assets/clubs/france/nice/badge.png,68158,98430a69a862f5a00ab828dc85fbc8f857e83f91956195b613b0b676a8f78833,False
CEA.png,brazil,ceara,BRA_CEA,assets/clubs/brazil/ceara/logo.png,assets/clubs/brazil/ceara/badge.png,9221,3aca848d8a1ebf01b2858e4957caa2e4a5ad6aff29c12cdcd5bb7d302c23b3a7,False
RBB.png,brazil,bragantino,BRA_RBB,assets/clubs/brazil/bragantino/logo.png,assets/clubs/brazil/bragantino/badge.png,138386,036645d26a1919172c5a4a2e70ebcdb1e61cdfd3beebea88a22e23733d23974d,False
germany_augsburg_512x512.football-logos.cc.png,germany,augsburg,football-logos.cc filename,assets/clubs/germany/augsburg/logo.png,assets/clubs/germany/augsburg/badge.png,23735,0d903db87a04343803984ebacf960c35ed3125af783e141f960695496a63e2f7,False
germany_mainz-05_512x512.football-logos.cc.png,germany,mainz,football-logos.cc filename,assets/clubs/germany/mainz/logo.png,assets/clubs/germany/mainz/badge.png,30756,a5ff994eaddb5d181ea8186504221446ba0542a4ff324562e190d98b04f42305,False
ECU_AUC.png,ecuador,aucas,ECU_AUC,assets/clubs/ecuador/aucas/logo.png,assets/clubs/ecuador/aucas/badge.png,46627,6452942bfa17217c4334fe612ed6db94b827ef96118ae80c7fac2359e1fc8af8,False
COL_ATN.png,colombia,atletico-nacional,COL_ATN,assets/clubs/colombia/atletico-nacional/logo.png,assets/clubs/colombia/atletico-nacional/badge.png,20102,ea1f60996b8446d748199ea0b061b2be6e2fc8544f154cb28749cc861d782549,False
italy_inter_512x512.football-logos.cc.png,italy,inter-milan,football-logos.cc filename,assets/clubs/italy/inter-milan/logo.png,assets/clubs/italy/inter-milan/badge.png,24492,14c51da72186af8c694b3fc4dcbc132f14146c7b1ed371e5cbe2f2390aecdb3d,False
ECU_BAR.png,ecuador,barcelona-sc,ECU_BAR,assets/clubs/ecuador/barcelona-sc/logo.png,assets/clubs/ecuador/barcelona-sc/badge.png,40406,ba3cadc5330faa982dd583ca4ea7dc13ea89e88b3d8171f6dbb0330435cf434a,False
germany_darmstadt_512x512.football-logos.cc.png,germany,darmstadt,football-logos.cc filename,assets/clubs/germany/darmstadt/logo.png,assets/clubs/germany/darmstadt/badge.png,56882,12eee1faf5dd28190d382438b8de0b017c49b65fcffbf70b4d9d76968ed293d3,False
CRI.png,brazil,criciuma,BRA_CRI,assets/clubs/brazil/criciuma/logo.png,assets/clubs/brazil/criciuma/badge.png,42953,b780b7a843de08ad6d020bbd0e343f49d7ae2f51c8056acf8bdd2a2d74eab72c,False
ARG_SLO.png,argentina,san-lorenzo,ARG_SLO,assets/clubs/argentina/san-lorenzo/logo.png,assets/clubs/argentina/san-lorenzo/badge.png,31289,32a2d52f94729db4db36cc6beb10228bfcc3a54a1a6bd64e5d7eef9e184d140f,False
ponte_preta.svg,brazil,ponte-preta,named-file,assets/clubs/brazil/ponte-preta/logo.png,assets/clubs/brazil/ponte-preta/badge.png,682,1f67b3152d0c1b26e1da9d64f92c549ac61cca05e1379a8fab215f0ab696fde7,True
COL_BUC.png,colombia,atletico-bucaramanga,COL_BUC,assets/clubs/colombia/atletico-bucaramanga/logo.png,assets/clubs/colombia/atletico-bucaramanga/badge.png,21854,9c734eddbec5c1bb26ffc2b5fed4f9fa221e3944fef41071a4070545475713a0,False
BAH.png,brazil,bahia,BRA_BAH,assets/clubs/brazil/bahia/logo.png,assets/clubs/brazil/bahia/badge.png,134523,93e74b90d40ae119558e28a8e3b6bff6bef74bf965d0b2367f8e1a4143119f10,False
ARG_RIE.png,argentina,deportivo-riestra,ARG_RIE,assets/clubs/argentina/deportivo-riestra/logo.png,assets/clubs/argentina/deportivo-riestra/badge.png,23888,5296e08e22503c85150f97564cdef0a4b8009ea886fdaa67ba1ff1b340770a9e,False
ENG_NEW.png,england,newcastle-united,ENG_NEW,assets/clubs/england/newcastle-united/logo.png,assets/clubs/england/newcastle-united/badge.png,57678,3f7f7fe6995c527d49542b80664d0b6d673f196572725573ac5b756f812cbde4,False
france_rennes_512x512.football-logos.cc.png,france,rennes,football-logos.cc filename,assets/clubs/france/rennes/logo.png,assets/clubs/france/rennes/badge.png,39836,4d5fe6d2288001fd543810216697822423473390f55fca0364db87ce88ca686e,False
CHI_HUA.png,chile,huachipato,CHI_HUA,assets/clubs/chile/huachipato/logo.png,assets/clubs/chile/huachipato/badge.png,21717,473e7ca58d8b77e5b7e8318d007b3796f5cff8472b3336a64afc5d83a7bf7c31,False
ITA_BOL.png,italy,bologna,ITA_BOL,assets/clubs/italy/bologna/logo.png,assets/clubs/italy/bologna/badge.png,17731,772706fcab22031e9dd86abcaafc4469db0c54ca203b2d037f836465cab8c9c5,False
ESP_RSO.png,spain,real-sociedad,ESP_RSO,assets/clubs/spain/real-sociedad/logo.png,assets/clubs/spain/real-sociedad/badge.png,38364,016d6a44a455a218dad525cf684261a4c6ad57dbdcf3edcd6e17497829606e61,False
ESP_LEV.png,spain,levante,ESP_LEV,assets/clubs/spain/levante/logo.png,assets/clubs/spain/levante/badge.png,32014,49fdb8c9578dd422c0b4db4787468ec9e806db042e1340d0debd2b8e355c892f,False
uruguay_plaza-colonia_512x512.football-logos.cc.png,uruguay,plaza-colonia,football-logos.cc filename,assets/clubs/uruguay/plaza-colonia/logo.png,assets/clubs/uruguay/plaza-colonia/badge.png,39433,01508dab3046a08c85b5f96936d6df6eb5ddc08b758ae2dc2efa5f399533523a,False
sampaio_correa.svg,brazil,sampaio-correa,named-file,assets/clubs/brazil/sampaio-correa/logo.png,assets/clubs/brazil/sampaio-correa/badge.png,682,c9eff624b0f57ff412bca6bb4e4ad5f67437075cc8436b41ef11b82a76b2e9c3,True
ECU_NAC.png,ecuador,el-nacional,ECU_NAC,assets/clubs/ecuador/el-nacional/logo.png,assets/clubs/ecuador/el-nacional/badge.png,30635,204934aee4800951aea2a338902adc1d55d8b28cec972e3a1d220350a17089d9,False
INT.png,brazil,internacional,BRA_INT,assets/clubs/brazil/internacional/logo.png,assets/clubs/brazil/internacional/badge.png,135295,177bca4715dc580a250f2394fc0c3650f0f9eb4d92b8383006c901ee5fd398b5,False
ARG_HUR.png,argentina,huracan,ARG_HUR,assets/clubs/argentina/huracan/logo.png,assets/clubs/argentina/huracan/badge.png,30451,144be5af2d6c3521f869244ba617b5b0ef4526a40978b13cb90cad56e5fe4b8e,False
ECU_DEL.png,ecuador,delfin,ECU_DEL,assets/clubs/ecuador/delfin/logo.png,assets/clubs/ecuador/delfin/badge.png,31673,813ece18e30f8522eb8ba32f587d2082cb7ebfc08afd6a207bfcab79372edce2,False
FRA_LEN.png,france,lens,FRA_LEN,assets/clubs/france/lens/logo.png,assets/clubs/france/lens/badge.png,25151,02c0905e0bd20f658ee5973ad3124c01c93e2a4bb7f0dd46900af28ae850d8de,False
GER_DOR.png,germany,borussia-dortmund,GER_DOR,assets/clubs/germany/borussia-dortmund/logo.png,assets/clubs/germany/borussia-dortmund/badge.png,38774,63a09d442e6c58e5b33de45eff09af3ae5ca23741f9d9bdf1429b49395ac9c02,False
URU_LIV.png,uruguay,liverpool-montevideo,URU_LIV,assets/clubs/uruguay/liverpool-montevideo/logo.png,assets/clubs/uruguay/liverpool-montevideo/badge.png,21594,fe8645a412d21c06dec6d89cd0a4da7278aa7b6a6a099541bd899652143b4b12,False
CUI.png,brazil,cuiaba,BRA_CUI,assets/clubs/brazil/cuiaba/logo.png,assets/clubs/brazil/cuiaba/badge.png,52211,a7239f1bb3542a1985f7be8efe67ef73ad71e82ff8a3700bec00e800837e4913,False
COL_PAS.png,colombia,deportivo-pasto,COL_PAS,assets/clubs/colombia/deportivo-pasto/logo.png,assets/clubs/colombia/deportivo-pasto/badge.png,37463,dfa2a6a76640e2dd626c761e24e3c76d2ebabb9ef98ccdba32600908a8d3e1ee,False
GER_BMG.png,germany,borussia-monchengladbach,GER_BMG,assets/clubs/germany/borussia-monchengladbach/logo.png,assets/clubs/germany/borussia-monchengladbach/badge.png,20095,45671756265ddb4e73a303e0b0f53c89d01f83413022ed53494a4c8f46e1a262,False
BFS.png,brazil,botafogo-sp,BRA_BFS,assets/clubs/brazil/botafogo-sp/logo.png,assets/clubs/brazil/botafogo-sp/badge.png,166295,e8fa81dd1e0f29431ab31cce25750c5587dec0dc43a97f5d8354d796f0269837,False
ARG_GIM.png,argentina,gimnasia-la-plata,ARG_GIM,assets/clubs/argentina/gimnasia-la-plata/logo.png,assets/clubs/argentina/gimnasia-la-plata/badge.png,45925,4e09c76829912a2b095c3c34d7dddc09134ac82c0119b6a6e593b69ad64c15ee,False
italy_chievo_512x512.football-logos.cc.png,italy,chievo,football-logos.cc filename,assets/clubs/italy/chievo/logo.png,assets/clubs/italy/chievo/badge.png,37368,1aeea4a4b32e4b319d7fcaf3b8c47b0c5275652da8717f42d53d95a1f8718ec0,False
france_le-havre-ac_512x512.football-logos.cc.png,france,le-havre,football-logos.cc filename,assets/clubs/france/le-havre/logo.png,assets/clubs/france/le-havre/badge.png,28901,6de5f1a0d7f3a57e121bf5b487f77c77ff262bdfb36c5d44cc1146e09c488d27,False
ARG_EST.png,argentina,estudiantes,ARG_EST,assets/clubs/argentina/estudiantes/logo.png,assets/clubs/argentina/estudiantes/badge.png,10706,6c885d42c3aa14d68067f3313789940da3601bfac2b8986759beb8f29d7aeef9,False
VOL.png,brazil,volta-redonda,BRA_VOL,assets/clubs/brazil/volta-redonda/logo.png,assets/clubs/brazil/volta-redonda/badge.png,5682,dc37819377cb72c1451466c12e9f00ed2a12c9493645d10066aa975a9f4e6122,False
france_fc-metz_512x512.football-logos.cc.png,france,metz,football-logos.cc filename,assets/clubs/france/metz/logo.png,assets/clubs/france/metz/badge.png,8384,12ea8b5dc609cd55f07ff6e882a63ceea8fdfeff8b6fa8684e39184c4d5f441d,False
CHI_PAL.png,chile,palestino,CHI_PAL,assets/clubs/chile/palestino/logo.png,assets/clubs/chile/palestino/badge.png,27069,6f47d76efb4e00fb7e5ce376b9c8aedcabc7eef1115c7525f577900add5522f9,False
CHA.png,brazil,chapecoense,BRA_CHA,assets/clubs/brazil/chapecoense/logo.png,assets/clubs/brazil/chapecoense/badge.png,133354,e88967401f490aea763bdc91b7743cee78f968999bdae8f5a507f5a077e0305c,False
BOT.png,brazil,botafogo,BRA_BOT,assets/clubs/brazil/botafogo/logo.png,assets/clubs/brazil/botafogo/badge.png,33924,897b828cfee6eed505f459fde571d195e1a029271d228d9755255bc045c74768,False
ENG_AVL.png,england,aston-villa,ENG_AVL,assets/clubs/england/aston-villa/logo.png,assets/clubs/england/aston-villa/badge.png,28195,8fcd746bc01241d7152e93d82f9bc9c07f3b3d79a6afb50eeaac9ab274fcd813,False
COL_AMC.png,colombia,america-de-cali,COL_AMC,assets/clubs/colombia/america-de-cali/logo.png,assets/clubs/colombia/america-de-cali/badge.png,20682,f34867e43abab8da36f8c00e5ee3072d3d5b671f9c3957d111e41859f2456044,False
ARG_RAC.png,argentina,racing-club,ARG_RAC,assets/clubs/argentina/racing-club/logo.png,assets/clubs/argentina/racing-club/badge.png,11326,416c6217d06093e75688d57d2e91cf4d9492b32deef1b05913c0d52350f5b4b5,False
GRE.png,brazil,gremio,BRA_GRE,assets/clubs/brazil/gremio/logo.png,assets/clubs/brazil/gremio/badge.png,67910,bc282f55e720d44d3c51b2642b42964c987ae2ff3940cc494b9f4556de30f8e6,False
URU_NAC.png,uruguay,nacional,URU_NAC,assets/clubs/uruguay/nacional/logo.png,assets/clubs/uruguay/nacional/badge.png,25788,600cbab3f7c7917e4e6ad66e8c24bdad38e49974a76b0f6797fbb6a7e5a23118,False
italy_lecce_512x512.football-logos.cc.png,italy,lecce,football-logos.cc filename,assets/clubs/italy/lecce/logo.png,assets/clubs/italy/lecce/badge.png,30776,fab6af04f8683c1575b5e47244d32ed9ecf57bf33272764f835ac5aa0ca26576,False
ENG_NFO.png,england,nottingham-forest,ENG_NFO,assets/clubs/england/nottingham-forest/logo.png,assets/clubs/england/nottingham-forest/badge.png,17292,ebf86f8213dd854c7c81eb9482b10b4176048d5214cc69c7a70d63d1ae300744,False
france_clermont-foot_512x512.football-logos.cc.png,france,clermont,football-logos.cc filename,assets/clubs/france/clermont/logo.png,assets/clubs/france/clermont/badge.png,25454,2570e523f8e6e7935fabbf24e802119d2102369668b7d480adb51003e569073a,False
ENG_MUN.png,england,manchester-united,ENG_MUN,assets/clubs/england/manchester-united/logo.png,assets/clubs/england/manchester-united/badge.png,54566,57168e4615337ebb2283a0f868eda339496eca37a58261c6321af236f313f4aa,False
ARG_ARG.png,argentina,argentinos-juniors,ARG_ARG,assets/clubs/argentina/argentinos-juniors/logo.png,assets/clubs/argentina/argentinos-juniors/badge.png,30348,12fb2699b0115ddd478d7e236d58edebb63a97e88432fc66f33723f6edfd10d1,False
ENG_LIV.png,england,liverpool,ENG_LIV,assets/clubs/england/liverpool/logo.png,assets/clubs/england/liverpool/badge.png,24390,80aca2e4aede10bf8bf7221c0531a7b07ef49a0518858d8ca477511127b8ef85,False
italy_parma_512x512.football-logos.cc.png,italy,parma,football-logos.cc filename,assets/clubs/italy/parma/logo.png,assets/clubs/italy/parma/badge.png,15013,f1de0bf4c39be5fb6a83759b9e79205d521280b01dd56996046c0113bb82f15a,False
italy_monza_512x512.football-logos.cc.png,italy,monza,football-logos.cc filename,assets/clubs/italy/monza/logo.png,assets/clubs/italy/monza/badge.png,30676,733fd51ad20ede5543ca740c61211b9642b24dd151452cca064a19bfb479d250,False
ITA_JUV.png,italy,juventus,ITA_JUV,assets/clubs/italy/juventus/logo.png,assets/clubs/italy/juventus/badge.png,10185,9ae2bd2ba3cb49811c3a2795e8926538706d572d9e88efe5900a1f10af43732e,False
ESP_MAL.png,spain,mallorca,ESP_MAL,assets/clubs/spain/mallorca/logo.png,assets/clubs/spain/mallorca/badge.png,48909,7de52f8b098fe21c608259a11b76f77ae5e2ad8be238c4cb6000ed4a8d87af7b,False
CHI_AUD.png,chile,audax-italiano,CHI_AUD,assets/clubs/chile/audax-italiano/logo.png,assets/clubs/chile/audax-italiano/badge.png,29371,fa92295ef915aa850975389f176a103ba9fa5ac9e292479a676110bb8ca8c680,False
CHI_COL.png,chile,colo-colo,CHI_COL,assets/clubs/chile/colo-colo/logo.png,assets/clubs/chile/colo-colo/badge.png,25595,55b8cfb1c48e87f0e3c5d96ba7d646fed8163057ba31ecede1d1b0fb48c44c3d,False
ESP_FCB.png,spain,barcelona,ESP_FCB,assets/clubs/spain/barcelona/logo.png,assets/clubs/spain/barcelona/badge.png,25681,d839d9aa0a8f4c4f56435788f9a01c5d18010cc6e16b46cabe75b44be711c611,False
URU_TOR.png,uruguay,montevideo-city-torque,URU_TOR,assets/clubs/uruguay/montevideo-city-torque/logo.png,assets/clubs/uruguay/montevideo-city-torque/badge.png,48535,49db5a8a3eed280d514cf29670b189ba8d3cac8044cce276443a80aedaced7b1,False
germany_fc-heidenheim_512x512.football-logos.cc.png,germany,heidenheim,football-logos.cc filename,assets/clubs/germany/heidenheim/logo.png,assets/clubs/germany/heidenheim/badge.png,25341,fba88b04307d3d60c27c93946ce58c0c386eeb6b9257977920a63ebfdfa4c93e,False
GER_EFR.png,germany,eintracht-frankfurt,GER_EFR,assets/clubs/germany/eintracht-frankfurt/logo.png,assets/clubs/germany/eintracht-frankfurt/badge.png,34866,3ea268421b4bf0c7d2d8717bc4546a8f16e2ce3f821b019115e1d655d16acf4b,False
italy_empoli_512x512.football-logos.cc.png,italy,empoli,football-logos.cc filename,assets/clubs/italy/empoli/logo.png,assets/clubs/italy/empoli/badge.png,61201,6a557c0de9c729bdff135788bc0c58b4a54fd6eed7ac2baab56ca3d055a83dd8,False
italy_udinese_512x512.football-logos.cc.png,italy,udinese,football-logos.cc filename,assets/clubs/italy/udinese/logo.png,assets/clubs/italy/udinese/badge.png,45385,79441e6b2d25b68fb572b89e91f0d790a7bc8fe39022e93b1f5cc273c7eea0f6,False
COL_CHI.png,colombia,boyaca-chico,COL_CHI,assets/clubs/colombia/boyaca-chico/logo.png,assets/clubs/colombia/boyaca-chico/badge.png,73029,36c658aaa85f013cf7a3701187310e8bc43d6d260aa31ae9b4c376d55892179d,False
FLU.png,brazil,fluminense,BRA_FLU,assets/clubs/brazil/fluminense/logo.png,assets/clubs/brazil/fluminense/badge.png,51714,fadb8d8e9190e1549362db8c344e49fcb9fa89aad676ec12b95c3749658c196d,False
ituano.svg,brazil,ituano,named-file,assets/clubs/brazil/ituano/logo.png,assets/clubs/brazil/ituano/badge.png,682,bc697d59ebfb831e3792b6702eaf04a00aad4884eec97781472447a4231e3c3f,True
AME.png,brazil,america-mg,BRA_AME,assets/clubs/brazil/america-mg/logo.png,assets/clubs/brazil/america-mg/badge.png,146723,c6fd6cbe8e49d2f5c4a4ca2138bc7fe0e3c354a2ada4544185f97fdc34a41e8f,False
CFC.png,brazil,coritiba,BRA_CFC,assets/clubs/brazil/coritiba/logo.png,assets/clubs/brazil/coritiba/badge.png,15961,89bea740d29ef2119e0b8a0ebd1617e677af77dea6d0a259b387ba0fd989be36,False
COL_AGU.png,colombia,aguilas-doradas,COL_AGU,assets/clubs/colombia/aguilas-doradas/logo.png,assets/clubs/colombia/aguilas-doradas/badge.png,33395,8476138f730c24adeba93ca5a3c026c7070efde68fe4f7846d86f5b0af291f20,False
ESP_RMA.png,spain,real-madrid,ESP_RMA,assets/clubs/spain/real-madrid/logo.png,assets/clubs/spain/real-madrid/badge.png,53504,0eabd125c6bdcdfa03ad66bc541da56f91583f988d5514239ab1eafba8f97d23,False
ECU_LDU.png,ecuador,ldu-quito,ECU_LDU,assets/clubs/ecuador/ldu-quito/logo.png,assets/clubs/ecuador/ldu-quito/badge.png,33753,8cea24344c59e210322950ebed1fedf0fd5baac61f335c44a14ad4b9665ded58,False
ARG_TIG.png,argentina,tigre,ARG_TIG,assets/clubs/argentina/tigre/logo.png,assets/clubs/argentina/tigre/badge.png,8611,7cfdbfd2d4e0e5c247a5fb88cfa6d6ae8e703693b1efab21f0776b5a997c6a14,False
CHI_EVE.png,chile,everton-de-vina-del-mar,CHI_EVE,assets/clubs/chile/everton-de-vina-del-mar/logo.png,assets/clubs/chile/everton-de-vina-del-mar/badge.png,28374,c3fe80006bf088353ac21dcd1e97bdc43fc48df8c6b661bd9a27b9eb66235641,False
URU_BOS.png,uruguay,boston-river,URU_BOS,assets/clubs/uruguay/boston-river/logo.png,assets/clubs/uruguay/boston-river/badge.png,5514,d1bb12c094b3cdb7d1b88e95a0e07c8a909da7943f9e55ba93b9e4dc90ff93e6,False
ARG_SAR.png,argentina,sarmiento,ARG_SAR,assets/clubs/argentina/sarmiento/logo.png,assets/clubs/argentina/sarmiento/badge.png,23937,5371f05658256242b0a8aca0f1f73f9c42395eb0c0a108b15dd6c037a96dcf57,False
ENG_WHU.png,england,west-ham-united,ENG_WHU,assets/clubs/england/west-ham-united/logo.png,assets/clubs/england/west-ham-united/badge.png,39668,71ee7eddb8d7f25e90884a1f4052120d1045cd46747a5f1f87fcbd19060d77b8,False
COL_TOL.png,colombia,deportes-tolima,COL_TOL,assets/clubs/colombia/deportes-tolima/logo.png,assets/clubs/colombia/deportes-tolima/badge.png,18201,ddc725cfe7b8b41a43ac131f80ee1da790348aaac05e27cf712bb1a09bf5c292,False
COL_DIM.png,colombia,independiente-medellin,COL_DIM,assets/clubs/colombia/independiente-medellin/logo.png,assets/clubs/colombia/independiente-medellin/badge.png,35055,858693b45a7adcff8065939c51391973fffdbab44848884653a3b8339f5382f9,False
germany_koln_512x512.football-logos.cc.png,germany,koln,football-logos.cc filename,assets/clubs/germany/koln/logo.png,assets/clubs/germany/koln/badge.png,49116,08bed4be547df7a0a62c6ac013054eebf7562ba213c6737501261a7c314c0aef,False
ESP_SEV.png,spain,sevilla,ESP_SEV,assets/clubs/spain/sevilla/logo.png,assets/clubs/spain/sevilla/badge.png,40069,19dcd014ddde34c15a0c9d527bc4b76d6eb1ef6318f3ca17074132472df13b4b,False
italy_frosinone_512x512.football-logos.cc.png,italy,frosinone,football-logos.cc filename,assets/clubs/italy/frosinone/logo.png,assets/clubs/italy/frosinone/badge.png,31337,38f060a311e2f13ba1969b986d742fb6bcab9153c8942c6422ecb03c0b50be8b,False
COL_ENV.png,colombia,envigado,COL_ENV,assets/clubs/colombia/envigado/logo.png,assets/clubs/colombia/envigado/badge.png,40206,45cfd2774c1092fcb729484014202032a174bba647dd11a51642150a382d664f,False
COL_MIL.png,colombia,millonarios,COL_MIL,assets/clubs/colombia/millonarios/logo.png,assets/clubs/colombia/millonarios/badge.png,30988,85bc4aeac4b060ed7c948e70a9967a876807d57a8f30b30b15742ea45fc66b6e,False
ARG_BOC.png,argentina,boca-juniors,ARG_BOC,assets/clubs/argentina/boca-juniors/logo.png,assets/clubs/argentina/boca-juniors/badge.png,43805,9caefb16dedac16b7085e42cc4f1561ffd955b51dadb0559b5261e9b596c3b51,False
guarani.svg,brazil,guarani,named-file,assets/clubs/brazil/guarani/logo.png,assets/clubs/brazil/guarani/badge.png,682,82a3ad56da18e3b21f29ef3cb202085132cf2209b746f1eab9ced8621a955b89,True
CHI_UCA.png,chile,universidad-catolica,CHI_UCA,assets/clubs/chile/universidad-catolica/logo.png,assets/clubs/chile/universidad-catolica/badge.png,9591,2582a007825477809a1230134320a24a7468e57088bf13031e52d8a0fade0ef0,False
FRA_NAN.png,france,nantes,FRA_NAN,assets/clubs/france/nantes/logo.png,assets/clubs/france/nantes/badge.png,14963,0ebc29bf292117452332003f722acba0fa2caf577f85afc888d864e2609379ea,False
ARG_CCO.png,argentina,central-cordoba,ARG_CCO,assets/clubs/argentina/central-cordoba/logo.png,assets/clubs/argentina/central-cordoba/badge.png,24095,489ca8e06edcd3b5af99aa97a8601d0918c1243306919fc7faccbc3dc3a4c74d,False
ESP_ESP.png,spain,espanyol,ESP_ESP,assets/clubs/spain/espanyol/logo.png,assets/clubs/spain/espanyol/badge.png,26838,e6ba302e8212aaf71f77e14dd656e74ba50be6a823a9dfc490c25b845a9a4d69,False
VNO.png,brazil,vila-nova,BRA_VNO,assets/clubs/brazil/vila-nova/logo.png,assets/clubs/brazil/vila-nova/badge.png,186747,fb83306e92dc90ef21dfaec8febaaa59cf6ee49f153111433ca4320cae90f1b7,False
ENG_BHA.png,england,brighton,ENG_BHA,assets/clubs/england/brighton/logo.png,assets/clubs/england/brighton/badge.png,28327,be3c6d8ea7ac1a725e483c3353fc6257e8e06a3d0756b1b026796048f3b1b151,False
ARG_INS.png,argentina,instituto,ARG_INS,assets/clubs/argentina/instituto/logo.png,assets/clubs/argentina/instituto/badge.png,30105,959864e659f717606cb0c96335ddc4d46cac166f8671ed0e3b79884c52d0690e,False
ARG_ATU.png,argentina,atletico-tucuman,ARG_ATU,assets/clubs/argentina/atletico-tucuman/logo.png,assets/clubs/argentina/atletico-tucuman/badge.png,15608,250c6c168d4b5d2e3255a65fea7c7d0d060ed19771382c2cadd979edd8ac5502,False
ITA_FIO.png,italy,fiorentina,ITA_FIO,assets/clubs/italy/fiorentina/logo.png,assets/clubs/italy/fiorentina/badge.png,20151,f242b06e4e12c5b50978679cd112841477b66c564d51cdc6244011fc3ecbda68,False
csa.svg,brazil,csa,named-file,assets/clubs/brazil/csa/logo.png,assets/clubs/brazil/csa/badge.png,682,968cf7254d1fb44be430c2ae5dabf5ab11d9eaf538ee074c9ec99614b21b99a3,True
ECU_UCA.png,ecuador,universidad-catolica-ecuador,ECU_UCA,assets/clubs/ecuador/universidad-catolica-ecuador/logo.png,assets/clubs/ecuador/universidad-catolica-ecuador/badge.png,20661,48e5238a833e955ce76df1212ac8fc5bf0f17ddad135a96fcdc548e32894edd5,False
URU_DAN.png,uruguay,danubio,URU_DAN,assets/clubs/uruguay/danubio/logo.png,assets/clubs/uruguay/danubio/badge.png,11832,a77a12ab5523840a137f3f6c47f6a967a2a17845aae719a26b64fa82c41390e8,False
ENG_EVE.png,england,everton,ENG_EVE,assets/clubs/england/everton/logo.png,assets/clubs/england/everton/badge.png,47648,4ee6f2f9ea10b30f177766b95662281a25c3cbecdb1ac13c8afa86f849fc890f,False
URU_LAR.png,uruguay,la-luz,URU_LAR,assets/clubs/uruguay/la-luz/logo.png,assets/clubs/uruguay/la-luz/badge.png,54527,81075691ac249c7ae1cc1d0f2aec9e62fdf07fba0317491062974b61f1062b48,False
GER_LEV.png,germany,bayer-leverkusen,GER_LEV,assets/clubs/germany/bayer-leverkusen/logo.png,assets/clubs/germany/bayer-leverkusen/badge.png,72433,63248dfb9d99a9ebe44432ad0d0968b9d8c37153f802f504890984beb3603561,False
uruguay_defensor-sporting_512x512.football-logos.cc.png,uruguay,defensor-sporting,football-logos.cc filename,assets/clubs/uruguay/defensor-sporting/logo.png,assets/clubs/uruguay/defensor-sporting/badge.png,17918,163ca92de875567292676d703fa45d4173654bec27d7714cad8a23e7b910def1,False
ITA_ATA.png,italy,atalanta,ITA_ATA,assets/clubs/italy/atalanta/logo.png,assets/clubs/italy/atalanta/badge.png,27192,4005cbb19eb53e4ac96198d4974e54d61d0b3961bc5216bb49abae982ece01c2,False
CRB.png,brazil,crb,BRA_CRB,assets/clubs/brazil/crb/logo.png,assets/clubs/brazil/crb/badge.png,49847,f78ec83e102c07540637928f72fa13f3c315c35d9d618c37c62cc70e71864a76,False
CHI_OHI.png,chile,ohiggins,CHI_OHI,assets/clubs/chile/ohiggins/logo.png,assets/clubs/chile/ohiggins/badge.png,13276,34a016262c27aed794d162e72d6b73ee0d1675518a673b3c96083fd3f23afe60,False
GER_BAY.png,germany,bayern-munich,GER_BAY,assets/clubs/germany/bayern-munich/logo.png,assets/clubs/germany/bayern-munich/badge.png,43798,bc62933e906ae5f57431b0a7b914d7108e0de829bc4f11aa042b3faddd42a9a2,False
ARG_NEW.png,argentina,newells-old-boys,ARG_NEW,assets/clubs/argentina/newells-old-boys/logo.png,assets/clubs/argentina/newells-old-boys/badge.png,18270,31b045708c0489eb02599632dc8e00eecbe67b5efaaf7b4334693d6a7d16a60c,False
COL_JUN.png,colombia,junior,COL_JUN,assets/clubs/colombia/junior/logo.png,assets/clubs/colombia/junior/badge.png,17276,e1605804ed041f79eef8931ff4a99a53bbcca27b9c2f7fe14320f1fb2e4e5278,False
ACG.png,brazil,atletico-go,BRA_ACG,assets/clubs/brazil/atletico-go/logo.png,assets/clubs/brazil/atletico-go/badge.png,134037,af05c610779be7a352acf91fb78582cd115a0dfe0060715578e2189dde6b8465,False
ENG_BOU.png,england,bournemouth,ENG_BOU,assets/clubs/england/bournemouth/logo.png,assets/clubs/england/bournemouth/badge.png,26301,3bc71a08ae9b5aae9c8d9ed3eb9b96167345e1d74933069371300ea4a2c1a2a1,False
germany_freiburg_512x512.football-logos.cc.png,germany,freiburg,football-logos.cc filename,assets/clubs/germany/freiburg/logo.png,assets/clubs/germany/freiburg/badge.png,32014,ca94875ccf04c35708afe1f15abef126a9d350c4264cf4a42a8bb9cdf383ca34,False
ARG_BAR.png,argentina,barracas-central,ARG_BAR,assets/clubs/argentina/barracas-central/logo.png,assets/clubs/argentina/barracas-central/badge.png,15501,2db9d67b89a8d4e71b2cf7b3af60cfde3ec596da456125aa280de2e1827a6a32,False
CHI_UCH.png,chile,universidad-de-chile,CHI_UCH,assets/clubs/chile/universidad-de-chile/logo.png,assets/clubs/chile/universidad-de-chile/badge.png,25263,465e8b6323b488694a04abc61da292defb2378cf5a69787d783e5003bc3b34b0,False
ARG_UNI.png,argentina,union-santa-fe,ARG_UNI,assets/clubs/argentina/union-santa-fe/logo.png,assets/clubs/argentina/union-santa-fe/badge.png,25508,ea5e1c5ff100d2de305bb9c573a6da4df214861d9ff7ab80c7bcce2e60cb69c2,False
france_toulouse_512x512.football-logos.cc.png,france,toulouse,football-logos.cc filename,assets/clubs/france/toulouse/logo.png,assets/clubs/france/toulouse/badge.png,45151,9efbbcaba3096af42f3db5be8ea658023cd6155b00eb1bd327ba5ccf08caccca,False
ESP_ELC.png,spain,elche,ESP_ELC,assets/clubs/spain/elche/logo.png,assets/clubs/spain/elche/badge.png,26374,bbcfbc282eec3c143cd3c915943411d8d8d8e36e7008f26e56095d7fcbc7830b,False
italy_cagliari_512x512.football-logos.cc.png,italy,cagliari,football-logos.cc filename,assets/clubs/italy/cagliari/logo.png,assets/clubs/italy/cagliari/badge.png,27869,b9c35e9cf95466be540b5c89661721399c768583a670d77b5c471e4f4c893de0,False
GER_UNB.png,germany,union-berlin,GER_UNB,assets/clubs/germany/union-berlin/logo.png,assets/clubs/germany/union-berlin/badge.png,18477,781faf6759719dba2650ca8e495c6584dd9b09b0240b64c78f007b9bcd60599f,False
URU_WAN.png,uruguay,wanderers,URU_WAN,assets/clubs/uruguay/wanderers/logo.png,assets/clubs/uruguay/wanderers/badge.png,20823,44909a6827308484e5d9585d45f484b39f3f89e23dbc3d7862bb9a4cf6ebdd5e,False
FRA_LIL.png,france,lille,FRA_LIL,assets/clubs/france/lille/logo.png,assets/clubs/france/lille/badge.png,21235,ea1cbf97225b37774e1078aeb51278ab37e6d6e3bf95799e22356b40e00f6f30,False
ESP_ATH.png,spain,athletic-bilbao,ESP_ATH,assets/clubs/spain/athletic-bilbao/logo.png,assets/clubs/spain/athletic-bilbao/badge.png,30167,16e9e2bae054deb4dae908131d183a0a05bd0b9f4def9f7a1b17547abacfa92a,False
ITA_TOR.png,italy,torino,ITA_TOR,assets/clubs/italy/torino/logo.png,assets/clubs/italy/torino/badge.png,29310,c3a2b6fd671a6060d7ba64ee3e66f729bfabb7e61bf674a52498cba9cfc6488b,False
paraguay_cerro-porteno_512x512.football-logos.cc.png,paraguay,cerro-porteno,football-logos.cc filename,assets/clubs/paraguay/cerro-porteno/logo.png,assets/clubs/paraguay/cerro-porteno/badge.png,24651,f006cdc41cf566bc8ca465eda1505611dad6b28efd1e9d90369ac924de4350cb,False
ENG_SHU.png,england,sheffield-united,ENG_SHU,assets/clubs/england/sheffield-united/logo.png,assets/clubs/england/sheffield-united/badge.png,39722,f78ad8029a8b9515afed50fd86348dae590788f613bea7d65ada372cd674a149,False
URU_RIV.png,uruguay,river-plate-montevideo,URU_RIV,assets/clubs/uruguay/river-plate-montevideo/logo.png,assets/clubs/uruguay/river-plate-montevideo/badge.png,19036,3c40e755932a4ff01ad5e1386a9534ce1b8755c3c8b6f98158eeabeca3cd34d9,False
germany_vfl-bochum_512x512.football-logos.cc.png,germany,bochum,football-logos.cc filename,assets/clubs/germany/bochum/logo.png,assets/clubs/germany/bochum/badge.png,28707,d5e634702af5e52b3764f715a77db515539c18101509eb7ea6f757c7a875e513,False
ARG_PLA.png,argentina,platense,ARG_PLA,assets/clubs/argentina/platense/logo.png,assets/clubs/argentina/platense/badge.png,17613,af7f4bfa744701d7fda029e5e360c8a75bbe2396a999d5a7f280b5e4cd37fd35,False
ARG_BAN.png,argentina,banfield,ARG_BAN,assets/clubs/argentina/banfield/logo.png,assets/clubs/argentina/banfield/badge.png,13912,97535a39131d5aa24ef2842693fff57197be7355c39790d68911f67f36d63625,False
ENG_LUT.png,england,luton-town,ENG_LUT,assets/clubs/england/luton-town/logo.png,assets/clubs/england/luton-town/badge.png,41195,cf73999a230aaf46335df71dfc45ad2c8d8f8fe5c16ee471eb0875a105430b73,False
ECU_CUE.png,ecuador,deportivo-cuenca,ECU_CUE,assets/clubs/ecuador/deportivo-cuenca/logo.png,assets/clubs/ecuador/deportivo-cuenca/badge.png,28257,500596f4f66f4e47546a75372b58d6ccf978f8d1d82d651580245b8208e633bc,False
ECU_MAC.png,ecuador,macara,ECU_MAC,assets/clubs/ecuador/macara/logo.png,assets/clubs/ecuador/macara/badge.png,38549,834b65fb9730ce74b5cfac1ee4cac526215c45a5d22518ba87c513422d51467c,False
ARG_TAL.png,argentina,talleres,ARG_TAL,assets/clubs/argentina/talleres/logo.png,assets/clubs/argentina/talleres/badge.png,14758,6f0ca41536c1568b9bef4fb91d6ce08b427c1093d0669ac05bd72729ee99ffe5,False
ARG_GOD.png,argentina,godoy-cruz,ARG_GOD,assets/clubs/argentina/godoy-cruz/logo.png,assets/clubs/argentina/godoy-cruz/badge.png,32041,4806a1eb509f89d3f4239b11fc2fccd0e7eb76a1dfe93a2a3501e79cf15b48dd,False
FER.png,brazil,ferroviaria,BRA_FER,assets/clubs/brazil/ferroviaria/logo.png,assets/clubs/brazil/ferroviaria/badge.png,145761,64539950e6fd0fb5d9dc1e5de793a8a39c54d960ec6af54d86914a6fc8a35d22,False
ENG_BRE.png,england,brentford,ENG_BRE,assets/clubs/england/brentford/logo.png,assets/clubs/england/brentford/badge.png,47765,1de31f4bd465e1b14dcdad51e910b156e1bb6b7fa5ee8195af0761bfaaf560b2,False
GER_RBL.png,germany,rb-leipzig,GER_RBL,assets/clubs/germany/rb-leipzig/logo.png,assets/clubs/germany/rb-leipzig/badge.png,43733,ad356791b61addbff6fe1e3455222336d264e17fdd8b5f745931ee177306ed03,False
ARG_ROS.png,argentina,rosario-central,ARG_ROS,assets/clubs/argentina/rosario-central/logo.png,assets/clubs/argentina/rosario-central/badge.png,43271,d71ad778c77426f2c898d5a8f37604c022025db0b590f07d7ee148271c66aff8,False
ESP_GET.png,spain,getafe,ESP_GET,assets/clubs/spain/getafe/logo.png,assets/clubs/spain/getafe/badge.png,52441,b0fae675f4a9b28b737cd8184ab5816b368eaff52a303cf08ef7e27b8f21252f,False
france_brest_512x512.football-logos.cc.png,france,brest,football-logos.cc filename,assets/clubs/france/brest/logo.png,assets/clubs/france/brest/badge.png,32033,b209df8cfe922fc4a491a871f4b27476ef81fd0c01db56d3836d0ca1f5ff3e2a,False
FRA_OM.png,france,marseille,FRA_OM,assets/clubs/france/marseille/logo.png,assets/clubs/france/marseille/badge.png,25409,83c48aa36d3820eee65fc2c0a138bd79ef928e2fdc4b543e82042bd0704230fa,False
CHI_NUB.png,chile,nublense,CHI_NUB,assets/clubs/chile/nublense/logo.png,assets/clubs/chile/nublense/badge.png,23184,e47cf79ae06cc3f8810dbd48f7b41d3597de9ebc27d18207abcefd822ca0fdb8,False
ARG_VEL.png,argentina,velez-sarsfield,ARG_VEL,assets/clubs/argentina/velez-sarsfield/logo.png,assets/clubs/argentina/velez-sarsfield/badge.png,31051,42203f3dc73e3c522e20eece8b82f574c4e2cc0b8924e17463d942d4d954a037,False
france_lorient_512x512.football-logos.cc.png,france,lorient,football-logos.cc filename,assets/clubs/france/lorient/logo.png,assets/clubs/france/lorient/badge.png,29052,bfc03c05310d10474a89ebb48483309d6cc466c7dfa6640c8fbb7d523822a643,False
